name,email
janarthanan,janarthanangp24@gmail.com
John Doe,john.doe@example.com
Jane Smith,jane.smith@example.com
Michael Johnson,michael.j@example.com
Emily Davis,emily.davis@example.com
William Brown,william.b@example.com
imman,imman@123@gmail.com
Alice Thompson,alice.t@example.com
Robert Wilson,robert.w@example.com
Sophia Garcia,sophia.g@example.com
James Miller,james.m@example.com
Isabella Davis,isabella.d@example.com
David Rodriguez,david.r@example.com
Emma Martinez,emma.m@example.com
Lucas Hernandez,lucas.h@example.com
Mia Lopez,mia.l@example.com
Benjamin Gonzalez,ben.g@example.com
Charlotte Perez,charlotte.p@example.com
Alexander Taylor,alex.t@example.com
Olivia Anderson,olivia.a@example.com
Daniel Thomas,daniel.t@example.com
Ava Jackson,ava.j@example.com
Henry White,henry.w@example.com
Amelia Harris,amelia.h@example.com
Sebastian Martin,sebastian.m@example.com
Lily Thompson,lily.t@example.com
Samuel King,samuel.k@example.com